,Brand,General Model,Model,Region,Year,Kilometers,Price,Argus Price,Comparison,Type of seller,Phone number
0,Renault,Zoe,Q90 ZEN,FR-IDF,2016,24092,9870,13487,-,Professionnel Concessionnaire,01-84-16-03-88
1,Renault,Zoe,ZEN CHARGE RAPIDE,FR-IDF,2013,43989,7900,,,Professionnel Négociant,01-64-58-03-41
2,Renault,Zoe,Q90 LIFE,FR-IDF,2016,17563,11500,12697,-,Professionnel Concessionnaire,01-84-15-78-86
3,Renault,Zoe,Q90 INTENS CHARGE RAPIDE,FR-IDF,2014,31719,10460,9920,+,Professionnel Concessionnaire,01-82-88-52-78
4,Renault,Zoe,Q90 LIFE CHARGE RAPIDE,FR-IDF,2015,28090,9900,10586,-,Professionnel Concessionnaire,01-76-31-63-45
5,Renault,Zoe,Q90 INTENS CHARGE RAPIDE,FR-IDF,2013,43598,10150,9319,+,Professionnel Concessionnaire,01-84-15-51-23
6,Renault,Zoe,ZEN CHARGE RAPIDE,FR-IDF,2013,48772,8620,,,Professionnel Négociant,01-64-57-89-38
7,Renault,Zoe,Q90 LIFE,FR-IDF,2014,13364,11090,9720,+,Professionnel Concessionnaire,01-84-15-46-78
8,Renault,Zoe,Q90 INTENS,FR-IDF,2016,29994,10360,12838,-,Professionnel Concessionnaire,01-84-16-12-04
9,Renault,Zoe,Q90 LIFE CHARGE RAPIDE,FR-IDF,2016,29038,10850,11794,-,Professionnel Concessionnaire,01-76-36-78-22
10,Renault,Zoe,Q90 INTENS,FR-IDF,2014,85930,9940,11084,-,Professionnel Concessionnaire,01-84-15-84-00
11,Renault,Zoe,Q90 LIFE,FR-IDF,2014,19094,10670,9720,+,Professionnel Concessionnaire,01-84-15-62-99
12,Renault,Zoe,LIFE CHARGE RAPIDE,FR-IDF,2015,33846,7830,,,Professionnel Négociant,01-64-57-56-27
13,Renault,Zoe,Q90 LIFE,FR-IDF,2014,11356,9610,9720,-,Professionnel Concessionnaire,01-84-15-48-72
14,Renault,Zoe,Q90 INTENS CHARGE RAPIDE,FR-IDF,2014,38186,10320,9920,+,Professionnel Concessionnaire,01-76-37-26-36
15,Renault,Zoe,INTENS,FR-IDF,2015,21724,11710,,,Professionnel Concessionnaire,01-82-88-70-70
16,Renault,Zoe,Q90 LIFE,FR-IDF,2014,36888,10520,9720,+,Professionnel Concessionnaire,01-84-15-89-68
17,Renault,Zoe,Q90 INTENS CHARGE RAPIDE,FR-IDF,2013,49405,10350,9319,+,Professionnel Concessionnaire,01-76-37-26-23
18,Renault,Zoe,LIFE CHARGE RAPIDE,FR-IDF,2015,57620,8450,,,Professionnel Négociant,01-64-57-33-98
19,Renault,Zoe,Q90 LIFE CHARGE RAPIDE,FR-IDF,2014,15851,9700,10820,-,Professionnel Concessionnaire,01-82-88-41-84
20,Renault,Zoe,Q90 ZEN CHARGE RAPIDE,FR-IDF,2016,17729,12510,13543,-,Professionnel Concessionnaire,01-76-38-54-73
21,Renault,Zoe,Q90 LIFE,FR-IDF,2016,19309,11310,12697,-,Professionnel Concessionnaire,01-84-16-05-67
22,Renault,Zoe,LIFE,FR-IDF,2014,52853,8190,,,Professionnel Négociant,01-64-57-94-84
23,Renault,Zoe,Q90 LIFE,FR-IDF,2015,53389,9150,10539,-,Professionnel Concessionnaire,01-76-36-62-73
24,Renault,Zoe,Q90 LIFE CHARGE RAPIDE,FR-IDF,2015,11362,11370,10586,+,Professionnel Concessionnaire,01-76-36-74-30
25,Renault,Zoe,Q90 LIFE CHARGE RAPIDE,FR-IDF,2013,41357,11500,9807,+,Professionnel Concessionnaire,01-76-38-51-26
26,Renault,Zoe,LIFE,FR-IDF,2015,29597,10100,,,Professionnel Concessionnaire,01-60-93-05-33
27,Renault,Zoe,LIFE CHARGE RAPIDE,FR-IDF,2014,38211,7820,,,Professionnel Négociant,01-64-57-50-54
28,Renault,Zoe,Q90 LIFE CHARGE RAPIDE,FR-IDF,2013,26063,10860,9807,+,Professionnel Concessionnaire,01-84-15-71-05
29,Renault,Zoe,Q90 INTENS CHARGE RAPIDE,FR-IDF,2015,38723,9610,12274,-,Professionnel Concessionnaire,04-83-97-65-16
30,Renault,Zoe,Q90 LIFE CHARGE RAPIDE,FR-IDF,2017,8779,9870,13611,-,Professionnel Concessionnaire,01-82-89-09-43
31,Renault,Zoe,LIFE CHARGE RAPIDE,FR-IDF,2015,51615,7750,,,Professionnel Négociant,01-64-57-34-13
32,Renault,Zoe,LIFE CHARGE RAPIDE,FR-IDF,2014,56792,10660,,,Professionnel Concessionnaire,01-60-93-52-61
33,Renault,Zoe,R110 INTENS,FR-IDF,2019,1,20470,,,Professionnel Concessionnaire,01-75-19-26-54
34,Renault,Zoe,Q90 LIFE,FR-IDF,2016,45091,9150,12697,-,Professionnel Concessionnaire,01-82-88-30-47
35,Renault,Zoe,Q90 LIFE CHARGE RAPIDE,FR-IDF,2014,37040,9600,10820,-,Professionnel Concessionnaire,01-76-43-55-53
36,Renault,Zoe,Q90 LIFE,FR-IDF,2015,19402,10940,10539,+,Professionnel Concessionnaire,01-82-88-89-73
37,Renault,Zoe,INTENS CHARGE RAPIDE,FR-IDF,2013,20457,10770,,,Professionnel Concessionnaire,01-84-36-28-26
38,Renault,Zoe,Q90 LIFE,FR-IDF,2014,15944,11130,9720,+,Professionnel Concessionnaire,01-82-88-28-78
39,Renault,Zoe,LIFE CHARGE RAPIDE,FR-IDF,2015,43066,8030,,,Professionnel Négociant,01-64-57-52-92
40,Renault,Zoe,Q90 LIFE CHARGE RAPIDE,FR-IDF,2015,58347,8720,10586,-,Professionnel Concessionnaire,01-84-35-75-20
41,Renault,Zoe,R110 INTENS,FR-IDF,2019,1,22600,,,Professionnel Concessionnaire,01-75-18-95-36
42,Renault,Zoe,R110 INTENS,FR-IDF,2019,1,21620,,,Professionnel Concessionnaire,01-75-18-74-76
43,Renault,Zoe,R110 INTENS,FR-IDF,2017,1,21780,14456,+,Professionnel Concessionnaire,01-75-18-69-07
44,Renault,Zoe,R110 INTENS,FR-IDF,2019,1,19050,,,Professionnel Concessionnaire,01-75-19-39-84
45,Renault,Zoe,ZEN,FR-IDF,2017,7940,13730,,,Professionnel Concessionnaire,01-84-35-67-80
46,Renault,Zoe,Q90 INTENS CHARGE RAPIDE,FR-IDF,2012,7422,11360,8591,+,Professionnel Concessionnaire,01-82-88-92-56
47,Renault,Zoe,Q90 INTENS CHARGE RAPIDE,FR-IDF,2013,66367,10610,9319,+,Professionnel Concessionnaire,01-84-31-98-40
48,Renault,Zoe,Q90 LIFE CHARGE RAPIDE,FR-IDF,2014,39321,7810,10820,-,Professionnel Concessionnaire,01-84-36-11-65
49,Renault,Zoe,Q90 LIFE CHARGE RAPIDE,FR-IDF,2013,47149,9750,9807,-,Professionnel Concessionnaire,01-76-43-18-73
50,Renault,Zoe,INTENS,FR-IDF,2012,20769,11850,,,Professionnel Concessionnaire,01-75-19-52-83
51,Renault,Zoe,Q90 INTENS,FR-IDF,2015,30417,12930,11520,+,Professionnel Concessionnaire,01-82-88-54-18
52,Renault,Zoe,Q90 LIFE CHARGE RAPIDE,FR-IDF,2016,28250,12890,11794,+,Professionnel Concessionnaire,01-84-31-60-20
53,Renault,Zoe,R110 INTENS,FR-IDF,2017,1,20860,14456,+,Professionnel Concessionnaire,01-75-19-30-09
54,Renault,Zoe,Q90 LIFE CHARGE RAPIDE,FR-IDF,2015,21045,9540,10586,-,Professionnel Concessionnaire,01-84-35-86-71
55,Renault,Zoe,Q90 LIFE,FR-IDF,2015,26621,11110,10539,+,Professionnel Concessionnaire,01-75-19-28-57
56,Renault,Zoe,R110 INTENS,FR-IDF,2017,1,19710,14456,+,Professionnel Concessionnaire,01-75-18-67-30
57,Renault,Zoe,R110 INTENS,FR-IDF,2019,1,23470,,,Professionnel Concessionnaire,01-75-18-97-20
58,Renault,Zoe,Q90 LIFE CHARGE RAPIDE,FR-IDF,2016,23923,9280,11794,-,Professionnel Concessionnaire,01-84-35-79-47
59,Renault,Zoe,INTENS,FR-IDF,2012,30750,11430,,,Professionnel Concessionnaire,01-82-88-42-48
60,Renault,Zoe,INTENS CHARGE RAPIDE,FR-IDF,2015,27280,11320,,,Professionnel Concessionnaire,01-43-25-52-61
61,Renault,Zoe,Q90 INTENS CHARGE RAPIDE,FR-IDF,2013,43059,12150,9319,+,Professionnel Concessionnaire,01-82-89-24-76
62,Renault,Zoe,Q90 ZEN CHARGE RAPIDE,FR-IDF,2014,62651,9040,9924,-,Professionnel Concessionnaire,01-76-38-99-97
63,Renault,Zoe,LIFE,FR-IDF,2014,43197,9570,,,Professionnel Concessionnaire,01-34-85-90-74
64,Renault,Zoe,Q90 LIFE CHARGE RAPIDE,FR-IDF,2014,36325,9910,10820,-,Professionnel Concessionnaire,01-76-38-51-18
65,Renault,Zoe,Q90 LIFE CHARGE RAPIDE,FR-IDF,2013,14866,10750,9807,+,Professionnel Concessionnaire,01-76-27-15-32
66,Renault,Zoe,Q90 LIFE CHARGE RAPIDE,FR-IDF,2012,55355,8690,7647,+,Professionnel Concessionnaire,01-76-38-99-88
67,Renault,Zoe,LIFE,FR-IDF,2017,31736,10780,,,Professionnel Concessionnaire,01-76-38-80-69
68,Renault,Zoe,Q90 LIFE CHARGE RAPIDE,FR-IDF,2014,80524,9790,10820,-,Professionnel Concessionnaire,01-76-38-61-33
69,Renault,Zoe,Q90 ZEN CHARGE RAPIDE,FR-IDF,2012,47251,9870,9194,+,Professionnel Agent,01-30-81-04-72
70,Renault,Zoe,Q90 LIFE CHARGE RAPIDE,FR-IDF,2016,22596,10760,11794,-,Professionnel Concessionnaire,01-76-38-57-87
71,Renault,Zoe,Q90 LIFE,FR-IDF,2016,11552,10580,12697,-,Professionnel Concessionnaire,01-76-38-67-81
72,Renault,Zoe,Q90 ZEN CHARGE RAPIDE,FR-IDF,2015,36327,10560,11266,-,Professionnel Concessionnaire,01-76-38-75-24
73,Renault,Zoe,Q90 LIFE CHARGE RAPIDE,FR-IDF,2013,69734,8370,9807,-,Professionnel Concessionnaire,01-76-38-50-68
74,Renault,Zoe,Q90 INTENS CHARGE RAPIDE,FR-IDF,2013,42420,8910,9319,-,Professionnel MRA,06-16-16-89-16
75,Renault,Zoe,ZEN,FR-IDF,2014,37068,10280,,,Professionnel Concessionnaire,01-76-38-79-49
76,Renault,Zoe,Q90 LIFE CHARGE RAPIDE,FR-IDF,2013,51355,10160,9807,+,Professionnel Concessionnaire,01-76-29-28-29
77,Renault,Zoe,LIFE,FR-IDF,2017,35486,12050,,,Professionnel Concessionnaire,01-76-39-05-12
78,Renault,Zoe,Q90 LIFE CHARGE RAPIDE,FR-IDF,2013,33253,9260,9807,-,Professionnel Concessionnaire,01-76-38-61-82
79,Renault,Zoe,Q90 ZEN CHARGE RAPIDE TYPE 2,FR-IDF,2015,11448,11660,11520,+,Professionnel Loueur,01-83-77-08-19
80,Renault,Zoe,Q90 INTENS CHARGE RAPIDE,FR-IDF,2014,9286,11320,9920,+,Professionnel Concessionnaire,01-82-88-98-77
81,Renault,Zoe,Q90 LIFE,FR-IDF,2014,7625,11750,9720,+,Professionnel Concessionnaire,01-76-38-74-19
82,Renault,Zoe,Q90 INTENS,FR-IDF,2017,7072,11860,14657,-,Professionnel Concessionnaire,01-76-38-71-99
83,Renault,Zoe,Q90 LIFE CHARGE RAPIDE,FR-IDF,2014,43259,9020,10820,-,Professionnel Concessionnaire,01-76-38-38-68
84,Renault,Zoe,Q90 INTENS CHARGE RAPIDE TYPE 2,FR-IDF,2017,15425,12900,14915,-,Professionnel Concessionnaire,01-75-91-42-91
85,Renault,Zoe,Q90 LIFE CHARGE RAPIDE GAMME 2017,FR-IDF,2017,5559,10790,14647,-,Professionnel Concessionnaire,01-64-28-91-14
86,Renault,Zoe,Q90 LIFE CHARGE RAPIDE TYPE 2,FR-IDF,2017,2780,11750,12501,-,Professionnel Concessionnaire,01-76-29-00-18
87,Renault,Zoe,Q90 INTENS,FR-IDF,2015,7274,12200,11520,+,Professionnel Concessionnaire,01-76-38-82-82
88,Renault,Zoe,Q90 ZEN,FR-IDF,2016,42261,11100,13487,-,Professionnel Concessionnaire,01-82-88-44-44
89,Renault,Zoe,Q90 LIFE CHARGE RAPIDE,FR-IDF,2018,16198,15570,,,Professionnel Concessionnaire,01-84-16-00-15
90,Renault,Zoe,Q90 LIFE,FR-IDF,2014,17467,11040,9720,+,Professionnel Concessionnaire,01-76-38-82-23
91,Renault,Zoe,Q90 LIFE,FR-IDF,2016,45848,8820,12697,-,Professionnel Concessionnaire,01-76-38-79-40
92,Renault,Zoe,Q90 LIFE CHARGE RAPIDE TYPE 2,FR-IDF,2017,19114,11460,12501,-,Professionnel Concessionnaire,01-76-27-46-61
93,Renault,Zoe,Q90 INTENS,FR-IDF,2014,17019,11780,11084,+,Professionnel Concessionnaire,01-82-89-06-73
94,Renault,Zoe,Q90 LIFE CHARGE RAPIDE TYPE 2,FR-IDF,2013,50057,11410,9850,+,Professionnel Négociant,01-69-06-39-54
95,Renault,Zoe,Q90 LIFE CHARGE RAPIDE,FR-IDF,2013,61034,9630,9807,-,Professionnel Concessionnaire,01-76-28-54-52
96,Renault,Zoe,Q90 INTENS,FR-IDF,2016,46810,10530,12838,-,Professionnel Concessionnaire,01-82-89-14-99
97,Renault,Zoe,Q90 INTENS,FR-IDF,2014,31297,11900,11084,+,Professionnel Concessionnaire,01-82-88-95-39
98,Renault,Zoe,Q90 LIFE CHARGE RAPIDE,FR-IDF,2016,28082,10400,11794,-,Professionnel Concessionnaire,01-76-38-99-05
99,Renault,Zoe,Q90 LIFE,FR-IDF,2017,26110,11290,12380,-,Professionnel Concessionnaire,01-76-29-21-15
100,Renault,Zoe,Q90 LIFE CHARGE RAPIDE,FR-IDF,2013,26958,9500,9807,-,Professionnel Concessionnaire,01-82-89-12-11
101,Renault,Zoe,Q90 LIFE CHARGE RAPIDE,FR-IDF,2014,27618,10230,10820,-,Professionnel Concessionnaire,01-34-85-68-34
102,Renault,Zoe,Q90 ZEN,FR-IDF,2017,24967,12530,14881,-,Professionnel Concessionnaire,01-64-24-47-99
103,Renault,Zoe,Q90 INTENS CHARGE RAPIDE,FR-IDF,2014,12283,11110,9920,+,Professionnel Agent,01-48-83-49-47
104,Renault,Zoe,Q90 ZEN CHARGE RAPIDE TYPE 2,FR-IDF,2014,51768,11120,11084,+,Professionnel Négociant,01-69-07-20-25
105,Renault,Zoe,Q90 LIFE CHARGE RAPIDE,FR-IDF,2016,33810,9890,11794,-,Professionnel Concessionnaire,01-75-91-41-76
106,Renault,Zoe,Q90 LIFE CHARGE RAPIDE,FR-IDF,2015,39074,8370,10586,-,Professionnel Concessionnaire,01-83-76-94-34
107,Renault,Zoe,Q90 ZEN CHARGE RAPIDE,FR-IDF,2016,50609,9570,13543,-,Professionnel Concessionnaire,01-76-38-37-67
108,Renault,Zoe,Q90 INTENS CHARGE RAPIDE TYPE 2,FR-IDF,2016,62700,8530,12041,-,Professionnel Négociant,01-43-08-94-54
109,Renault,Zoe,Q90 LIFE,FR-IDF,2016,44923,10050,12697,-,Professionnel Concessionnaire,01-84-15-90-95
110,Renault,Zoe,Q90 ZEN,FR-IDF,2016,62247,8830,13487,-,Professionnel Concessionnaire,01-76-38-28-45
111,Renault,Zoe,LIFE,FR-IDF,2016,43982,9740,,,Professionnel Concessionnaire,01-76-38-55-83
112,Renault,Zoe,Q90 LIFE,FR-IDF,2016,15265,10940,12697,-,Professionnel Concessionnaire,01-76-38-85-19
113,Renault,Zoe,Q90 INTENS,FR-IDF,2015,21301,13920,11520,+,Professionnel Concessionnaire,01-64-29-72-28
114,Renault,Zoe,Q90 LIFE,FR-IDF,2014,14110,10120,9720,+,Professionnel Concessionnaire,01-76-38-42-64
115,Renault,Zoe,Q90 LIFE CHARGE RAPIDE,FR-IDF,2016,22036,10500,11794,-,Professionnel Concessionnaire,01-34-86-51-80
116,Renault,Zoe,Q90 ZEN CHARGE RAPIDE,FR-IDF,2014,37491,10730,9924,+,Professionnel Concessionnaire,01-76-38-62-60
117,Renault,Zoe,Q90 ZEN,FR-IDF,2016,25335,10050,13487,-,Professionnel Concessionnaire,01-76-38-26-36
118,Renault,Zoe,Q90 INTENS CHARGE RAPIDE TYPE 2,FR-IDF,2015,55800,9530,11831,-,Professionnel Négociant,01-43-08-74-75
119,Renault,Zoe,R75 LIFE,FR-IDF,2016,8794,14680,12714,+,Professionnel Concessionnaire,01-76-38-53-39
120,Renault,Zoe,Q90 INTENS,FR-IDF,2017,7564,13800,14657,-,Professionnel Concessionnaire,01-64-24-30-81
121,Renault,Zoe,R90 INTENS TYPE 2,FR-IDF,2016,25960,11550,12965,-,Professionnel Agent,01-48-83-18-48
122,Renault,Zoe,Q90 ZEN CHARGE RAPIDE,FR-IDF,2016,15078,12620,13543,-,Professionnel Concessionnaire,01-75-91-85-83
123,Renault,Zoe,Q90 ZEN CHARGE RAPIDE,FR-IDF,2015,38460,9780,11266,-,Professionnel Concessionnaire,01-84-15-54-17
124,Renault,Zoe,ZEN,FR-IDF,2014,43819,10100,,,Professionnel Concessionnaire,01-76-38-27-04
125,Renault,Zoe,Q90 ZEN CHARGE RAPIDE,FR-IDF,2014,31336,11290,9924,+,Professionnel Concessionnaire,01-76-27-14-58
126,Renault,Zoe,Q90 INTENS CHARGE RAPIDE,FR-IDF,2013,44513,11050,9319,+,Professionnel Concessionnaire,01-49-84-73-72
127,Renault,Zoe,R90 INTENS TYPE 2,FR-IDF,2016,25520,11480,12965,-,Particulier,01-75-86-49-54
128,Renault,Zoe,Q90 LIFE CHARGE RAPIDE,FR-IDF,2015,19360,13310,10586,+,Particulier,01-75-86-49-08
129,Renault,Zoe,Q90 STAR WARS (CH RAPIDE),FR-IDF,2017,8174,21710,18164,+,Particulier,01-76-28-20-32
130,Renault,Zoe,Q90 LIFE CHARGE RAPIDE,FR-IDF,2015,39142,9790,10586,-,Professionnel Concessionnaire,01-64-60-57-28
131,Renault,Zoe,Q90 INTENS CHARGE RAPIDE,FR-IDF,2013,37712,10640,9319,+,Professionnel Concessionnaire,01-76-43-43-45
132,Renault,Zoe,Q90 INTENS,FR-IDF,2014,42730,11340,11084,+,Professionnel Concessionnaire,01-76-39-08-21
133,Renault,Zoe,Q90 ZEN,FR-IDF,2015,16996,13450,11408,+,Professionnel Concessionnaire,01-82-88-56-76
134,Renault,Zoe,Q90 ZEN,FR-IDF,2015,21668,12410,11408,+,Professionnel Concessionnaire,01-84-35-60-91
135,Renault,Zoe,Q90 ZEN CHARGE RAPIDE TYPE 2,FR-IDF,2014,16350,10880,11084,-,Professionnel Négociant,01-30-26-69-66
136,Renault,Zoe,Q90 LIFE,FR-IDF,2014,17778,10790,9720,+,Professionnel Concessionnaire,01-83-76-34-53
137,Renault,Zoe,Q90 ZEN,FR-IDF,2016,58448,8920,13487,-,Professionnel Concessionnaire,01-82-89-12-20
138,Renault,Zoe,Q90 LIFE,FR-IDF,2014,8675,10640,9720,+,Professionnel Concessionnaire,01-82-88-93-09
139,Renault,Zoe,Q90 INTENS,FR-IDF,2016,49375,11430,12838,-,Professionnel Concessionnaire,01-82-88-32-60
140,Renault,Zoe,Q90 INTENS,FR-IDF,2013,5162,11940,9451,+,Professionnel Concessionnaire,01-82-88-59-71
141,Renault,Zoe,Q90 LIFE,FR-IDF,2014,33454,10500,9720,+,Professionnel Concessionnaire,01-76-38-25-70
142,Renault,Zoe,Q90 LIFE,FR-IDF,2014,33308,8540,9720,-,Professionnel Concessionnaire,01-76-43-53-71
143,Renault,Zoe,Q90 INTENS,FR-IDF,2016,17180,10890,12838,-,Professionnel Concessionnaire,01-76-28-67-93
144,Renault,Zoe,Q90 ZEN,FR-IDF,2014,1460,9690,11147,-,Professionnel Concessionnaire,01-82-88-38-26
145,Renault,Zoe,Q90 LIFE CHARGE RAPIDE,FR-IDF,2015,69166,9710,10586,-,Professionnel Concessionnaire,01-76-29-07-47
146,Renault,Zoe,R90 INTENS,FR-IDF,2016,9360,17070,12722,+,Professionnel Concessionnaire,01-82-88-89-54
147,Renault,Zoe,R90 INTENS TYPE 2,FR-IDF,2018,1050,15210,16753,-,Professionnel Concessionnaire,01-82-88-92-81
148,Renault,Zoe,Q90 LIFE CHARGE RAPIDE,FR-IDF,2015,47812,10560,10586,-,Professionnel Concessionnaire,01-76-28-96-85
149,Renault,Zoe,Q90 INTENS,FR-IDF,2016,36797,10690,12838,-,Professionnel Concessionnaire,01-76-43-70-84
150,Renault,Zoe,R90 INTENS,FR-IDF,2019,123,22120,,,Professionnel Concessionnaire,01-34-82-43-26
151,Renault,Zoe,R90 ZEN GAMME 2017,FR-IDF,2015,11512,12190,12701,-,Professionnel Concessionnaire,01-84-35-95-00
152,Renault,Zoe,R75 LIFE,FR-IDF,2019,165,17140,,,Professionnel Concessionnaire,01-82-88-65-39
153,Renault,Zoe,Q90 LIFE,FR-IDF,2016,32816,10680,12697,-,Professionnel Concessionnaire,01-76-43-98-77
154,Renault,Zoe,Q90 INTENS CHARGE RAPIDE,FR-IDF,2014,14703,9610,9920,-,Professionnel Concessionnaire,01-76-43-42-80
155,Renault,Zoe,INTENS CHARGE RAPIDE 5P,FR-IDF,2015,42391,11970,,,Professionnel Concessionnaire,01-76-28-22-11
156,Renault,Zoe,Q90 INTENS CHARGE RAPIDE TYPE 2,FR-IDF,2017,21764,12830,14915,-,Professionnel Concessionnaire,01-84-35-47-40
157,Renault,Zoe,Q90 INTENS,FR-IDF,2015,14076,13400,11520,+,Professionnel Concessionnaire,01-76-29-01-92
158,Renault,Zoe,Q90 ZEN,FR-IDF,2015,22133,10890,11408,-,Professionnel Concessionnaire,01-76-43-33-14
159,Renault,Zoe,Q90 INTENS CHARGE RAPIDE,FR-IDF,2014,41744,10410,9920,+,Professionnel Concessionnaire,01-76-43-52-62
160,Renault,Zoe,Q90 LIFE,FR-IDF,2014,45637,10520,9720,+,Professionnel Concessionnaire,01-76-43-51-42
161,Renault,Zoe,R90 LIFE TYPE 2,FR-IDF,2018,118,14140,16150,-,Professionnel Concessionnaire,01-34-83-08-60
162,Renault,Zoe,Q90 LIFE,FR-IDF,2015,55392,9840,10539,-,Professionnel Concessionnaire,01-84-35-50-74
163,Renault,Zoe,LIFE CHARGE RAPIDE 5P,FR-IDF,2013,27660,11780,,,Professionnel Concessionnaire,01-84-15-37-36
164,Renault,Zoe,Q90 INTENS,FR-IDF,2017,19633,11380,14657,-,Professionnel Concessionnaire,01-82-88-46-62
165,Renault,Zoe,Q90 ZEN CHARGE RAPIDE,FR-IDF,2015,14331,9700,11266,-,Professionnel Concessionnaire,01-82-88-43-78
166,Renault,Zoe,Q90 ZEN CHARGE RAPIDE,FR-IDF,2014,12712,10500,9924,+,Professionnel Concessionnaire,01-84-35-19-52
167,Renault,Zoe,Q90 LIFE,FR-IDF,2016,19732,11050,12697,-,Professionnel Négociant,06-12-19-61-92
168,Renault,Zoe,Q90 LIFE CHARGE RAPIDE,FR-IDF,2014,15871,10440,10820,-,Professionnel Concessionnaire,01-82-88-27-78
169,Renault,Zoe,Q90 INTENS CHARGE RAPIDE,FR-IDF,2015,43524,11090,12274,-,Professionnel Concessionnaire,01-84-35-43-75
170,Renault,Zoe,Q90 INTENS,FR-IDF,2016,28678,11530,12838,-,Professionnel Concessionnaire,01-82-88-82-60
171,Renault,Zoe,Q90 ZEN CHARGE RAPIDE,FR-IDF,2016,44840,10010,13543,-,Professionnel Concessionnaire,01-82-88-61-05
172,Renault,Zoe,Q90 LIFE,FR-IDF,2015,30737,9820,10539,-,Professionnel Concessionnaire,01-83-76-95-35
173,Renault,Zoe,Q90 INTENS,FR-IDF,2016,7,16030,12838,+,Professionnel Concessionnaire,01-76-43-52-86
174,Renault,Zoe,Q90 INTENS CHARGE RAPIDE,FR-IDF,2014,17443,11610,9920,+,Professionnel Concessionnaire,01-84-35-41-72
175,Renault,Zoe,R90 INTENS TYPE 2,FR-IDF,2015,16357,11530,11839,-,Professionnel Concessionnaire,01-76-43-22-76
176,Renault,Zoe,ZEN,FR-IDF,2016,38610,10460,,,Professionnel Concessionnaire,01-82-88-62-55
177,Renault,Zoe,Q90 ZEN CHARGE RAPIDE,FR-IDF,2014,63402,8530,9924,-,Professionnel Concessionnaire,01-83-77-21-59
178,Renault,Zoe,Q90 ZEN,FR-IDF,2015,32160,10070,11408,-,Professionnel Concessionnaire,01-64-24-50-08
179,Renault,Zoe,Q90 INTENS CHARGE RAPIDE,FR-IDF,2014,32441,9700,9920,-,Professionnel Concessionnaire,01-82-88-81-41
180,Renault,Zoe,Q90 INTENS CHARGE RAPIDE,FR-IDF,2016,34383,11160,14125,-,Professionnel Concessionnaire,01-84-35-63-39
181,Renault,Zoe,Q90 LIFE CHARGE RAPIDE,FR-IDF,2015,35173,8700,10586,-,Professionnel Concessionnaire,01-76-43-15-78
182,Renault,Zoe,Q90 LIFE,FR-IDF,2017,6596,12070,12380,-,Professionnel Concessionnaire,01-76-43-70-31
183,Renault,Zoe,Q90 LIFE,FR-IDF,2014,35534,9150,9720,-,Professionnel Concessionnaire,01-76-43-75-52
184,Renault,Zoe,Q90 INTENS,FR-IDF,2017,18,13660,14657,-,Professionnel Concessionnaire,01-64-76-45-97
185,Renault,Zoe,Q90 INTENS CHARGE RAPIDE,FR-IDF,2015,36602,9660,12274,-,Professionnel Concessionnaire,01-76-43-82-59
186,Renault,Zoe,LIFE,FR-IDF,2014,36811,9910,,,Professionnel Concessionnaire,01-76-38-23-51
187,Renault,Zoe,Q90 LIFE CHARGE RAPIDE,FR-IDF,2012,83871,9040,7647,+,Professionnel Concessionnaire,01-76-43-48-54
188,Renault,Zoe,R90 INTENS,FR-IDF,2017,530,19060,14304,+,Professionnel Concessionnaire,01-34-83-02-10
189,Renault,Zoe,R90 INTENS TYPE 2,FR-IDF,2018,124,19200,16753,+,Professionnel Concessionnaire,01-82-88-68-90
190,Renault,Zoe,Q90 LIFE CHARGE RAPIDE,FR-IDF,2016,24699,9940,11794,-,Professionnel Concessionnaire,01-76-43-50-06
191,Renault,Zoe,LIFE CHARGE RAPIDE GAMME 2017 5P,FR-IDF,2013,40267,11470,,,Professionnel Concessionnaire,01-76-28-45-05
192,Renault,Zoe,Q90 LIFE,FR-IDF,2015,20184,10960,10539,+,Professionnel Concessionnaire,01-76-43-37-73
193,Renault,Zoe,Q90 LIFE CHARGE RAPIDE,FR-IDF,2015,34089,9260,10586,-,Professionnel Concessionnaire,01-83-76-45-07
194,Renault,Zoe,R90 INTENS GAMME 2017,FR-IDF,2016,4305,23370,13243,+,Professionnel Concessionnaire,01-82-88-77-96
195,Renault,Zoe,Q90 LIFE CHARGE RAPIDE,FR-IDF,2014,88349,8100,10820,-,Professionnel Concessionnaire,01-82-88-55-10
196,Renault,Zoe,Q90 LIFE CHARGE RAPIDE,FR-IDF,2013,44957,9740,9807,-,Professionnel Négociant,06-03-47-37-05
197,Renault,Zoe,R90 LIFE TYPE 2,FR-IDF,2018,105,12580,16150,-,Professionnel Concessionnaire,01-34-82-88-70
198,Renault,Zoe,Q90 STAR WARS CHARGE RAPIDE,FR-IDF,2019,112,21230,,,Professionnel Agent,01-64-49-37-09
199,Renault,Zoe,R90 STAR WARS,FR-IDF,2018,100,19650,16493,+,Professionnel Concessionnaire,01-82-88-16-38
200,Renault,Zoe,R90 LIFE TYPE 2,FR-IDF,2016,585,14020,11865,+,Professionnel Concessionnaire,01-34-82-69-57
201,Renault,Zoe,Q90 LIFE,FR-IDF,2013,14881,10240,9042,+,Professionnel Concessionnaire,01-82-88-80-69
202,Renault,Zoe,LIFE,FR-IDF,2016,36811,9910,,,Professionnel Concessionnaire,01-76-38-55-49
203,Renault,Zoe,Q90 ZEN,FR-IDF,2014,51629,10480,11147,-,Professionnel Concessionnaire,01-82-88-57-12
204,Renault,Zoe,Q90 LIFE CHARGE RAPIDE,FR-IDF,2014,44592,9500,10820,-,Professionnel Concessionnaire,01-76-43-33-17
205,Renault,Zoe,Q90 LIFE CHARGE RAPIDE,FR-IDF,2016,4521,10050,11794,-,Professionnel Concessionnaire,01-76-44-07-11
206,Renault,Zoe,Q90 ZEN,FR-IDF,2016,24513,10240,13487,-,Professionnel Concessionnaire,01-76-43-47-17
207,Renault,Zoe,Q90 ZEN,FR-IDF,2016,20448,10760,13487,-,Professionnel Concessionnaire,01-76-44-03-03
208,Renault,Zoe,R110 INTENS,FR-IDF,2017,289,20110,14456,+,Professionnel Concessionnaire,01-64-76-02-47
209,Renault,Zoe,Q90 LIFE CHARGE RAPIDE TYPE 2,FR-IDF,2017,12214,11880,12501,-,Professionnel Concessionnaire,01-76-43-90-54
210,Renault,Zoe,R90 ZEN TYPE 2,FR-IDF,2016,100,12900,12289,+,Professionnel Concessionnaire,01-76-36-40-04
211,Renault,Zoe,Q90 LIFE,FR-IDF,2013,19382,10420,9042,+,Professionnel Concessionnaire,01-84-15-75-00
212,Renault,Zoe,INTENS GAMME 2017,FR-IDF,2018,20875,15270,,,Professionnel Concessionnaire,01-75-19-21-46
213,Renault,Zoe,R110 INTENS,FR-IDF,2019,1,19580,,,Professionnel Concessionnaire,01-75-18-99-61
214,Renault,Zoe,LIFE CHARGE RAPIDE,FR-IDF,2013,17740,9130,,,Professionnel Négociant,01-64-57-62-01
215,Renault,Zoe,LIFE CHARGE RAPIDE,FR-IDF,2013,39042,8910,,,Professionnel Négociant,01-64-58-05-91
216,Renault,Zoe,Q90 LIFE,FR-IDF,2014,49401,10080,9720,+,Professionnel Concessionnaire,01-84-16-29-36
217,Renault,Zoe,R110 INTENS,FR-IDF,2019,1,20280,,,Professionnel Concessionnaire,01-75-19-11-47
218,Renault,Zoe,R110 INTENS,FR-IDF,2017,1,19240,14456,+,Professionnel Concessionnaire,01-75-18-77-59
219,Renault,Zoe,R90 EDITION ONE,FR-IDF,2019,5300,21620,,,Professionnel Concessionnaire,01-76-36-98-73
220,Renault,Zoe,LIFE CHARGE RAPIDE,FR-IDF,2015,45535,8450,,,Professionnel Négociant,01-64-58-06-79
221,Renault,Zoe,LIFE CHARGE RAPIDE,FR-IDF,2015,41942,8430,,,Professionnel Négociant,01-64-57-37-78
222,Renault,Zoe,LIFE CHARGE RAPIDE,FR-IDF,2013,53608,8380,,,Professionnel Négociant,01-64-57-87-00
223,Renault,Zoe,LIFE CHARGE RAPIDE,FR-IDF,2015,31250,8840,,,Professionnel Négociant,01-64-57-68-99
224,Renault,Zoe,Q90 LIFE CHARGE RAPIDE,FR-IDF,2014,11943,12780,10820,+,Professionnel Concessionnaire,01-84-31-74-09
225,Renault,Zoe,LIFE CHARGE RAPIDE,FR-IDF,2015,49623,8730,,,Professionnel Négociant,01-64-58-17-36
226,Renault,Zoe,Q90 LIFE CHARGE RAPIDE,FR-IDF,2015,16197,10590,10586,+,Professionnel Concessionnaire,01-75-91-21-06
227,Renault,Zoe,R90 ZEN,FR-IDF,2017,3600,22800,14580,+,Professionnel Concessionnaire,01-82-88-82-57
228,Renault,Zoe,R90 INTENS,FR-IDF,2017,1180,22300,14304,+,Professionnel Concessionnaire,01-82-88-50-05
229,Renault,Zoe,Q90 LIFE,FR-IDF,2014,6465,12410,9720,+,Professionnel Concessionnaire,01-64-75-90-90
230,Renault,Zoe,R90 ZEN,FR-IDF,2019,5800,23180,,,Professionnel Concessionnaire,01-76-43-89-71
231,Renault,Zoe,Q90 ZEN CHARGE RAPIDE,FR-IDF,2012,58171,8540,9194,-,Professionnel Concessionnaire,01-76-43-89-02
232,Renault,Zoe,R90 INTENS,FR-IDF,2017,117,24440,14304,+,Professionnel Concessionnaire,01-76-43-97-96
233,Renault,Zoe,Q90 ZEN,FR-IDF,2018,22800,14530,,,Professionnel Agent,06-87-79-95-00
234,Renault,Zoe,R90 ZEN,FR-IDF,2019,6840,18580,,,Professionnel Concessionnaire,01-84-64-69-58
235,Renault,Zoe,R90 INTENS,FR-IDF,2019,1090,20710,,,Professionnel Concessionnaire,01-82-88-40-83
236,Renault,Zoe,LIFE CHARGE RAPIDE,FR-IDF,2013,59445,9080,,,Professionnel Concessionnaire,01-76-38-94-31
237,Renault,Zoe,R90 ZEN GAMME 2017,FR-IDF,2016,23067,19550,12302,+,Professionnel Concessionnaire,01-76-28-62-60
238,Renault,Zoe,Q90 INTENS CHARGE RAPIDE GAMME 2017,FR-IDF,2019,2120,18970,,,Professionnel Concessionnaire,01-84-16-05-75
239,Renault,Zoe,Q90 ZEN,FR-IDF,2014,18179,11540,11147,+,Professionnel Concessionnaire,01-82-88-27-74
240,Renault,Zoe,R90 ZEN,FR-IDF,2019,6840,18580,,,Professionnel Concessionnaire,01-84-64-69-58
241,Renault,Zoe,Q90 ZEN CHARGE RAPIDE,FR-IDF,2012,58171,8540,9194,-,Professionnel Concessionnaire,01-76-43-89-02
242,Renault,Zoe,Q90 LIFE CHARGE RAPIDE,FR-IDF,2014,41988,9300,10820,-,Professionnel Concessionnaire,01-76-28-79-38
243,Renault,Zoe,R90 ZEN,FR-IDF,2017,3600,22800,14580,+,Professionnel Concessionnaire,01-82-88-82-57
244,Renault,Zoe,INTENS,FR-IDF,2014,34452,11950,,,Professionnel Concessionnaire,01-76-28-26-88
245,Renault,Zoe,Q90 ZEN,FR-IDF,2014,18179,11540,11147,+,Professionnel Concessionnaire,01-82-88-27-74
246,Renault,Zoe,LIFE CHARGE RAPIDE,FR-IDF,2013,59445,9080,,,Professionnel Concessionnaire,01-76-38-94-31
247,Renault,Zoe,R90 INTENS,FR-IDF,2019,166,19740,,,Professionnel Concessionnaire,01-82-89-09-52
248,Renault,Zoe,Q90 LIFE,FR-IDF,2014,6465,12410,9720,+,Professionnel Concessionnaire,01-64-75-90-90
249,Renault,Zoe,Q90 ZEN,FR-IDF,2018,22800,14530,,,Professionnel Agent,06-87-79-95-00
250,Renault,Zoe,R90 INTENS GAMME 2017,FR-IDF,2017,6200,30380,13588,+,Professionnel Concessionnaire,01-82-88-45-59
251,Renault,Zoe,Q90 INTENS CHARGE RAPIDE GAMME 2017,FR-IDF,2019,2120,18970,,,Professionnel Concessionnaire,01-84-16-05-75
252,Renault,Zoe,Q90 LIFE CHARGE RAPIDE,FR-PAC,2014,33364,11030,10820,+,Professionnel Concessionnaire,04-11-82-75-49
253,Renault,Zoe,Q90 LIFE CHARGE RAPIDE,FR-PAC,2014,19541,9790,10820,-,Professionnel Concessionnaire,04-11-82-81-84
254,Renault,Zoe,Q90 LIFE CHARGE RAPIDE,FR-PAC,2014,14839,9700,10820,-,Professionnel Concessionnaire,04-11-82-60-32
255,Renault,Zoe,LIFE CHARGE RAPIDE,FR-PAC,2014,16957,10760,,,Professionnel Concessionnaire,04-11-82-65-91
256,Renault,Zoe,Q90 LIFE CHARGE RAPIDE,FR-PAC,2014,13842,10210,10820,-,Professionnel Concessionnaire,04-11-82-55-16
257,Renault,Zoe,Q90 ZEN CHARGE RAPIDE,FR-PAC,2014,29669,10360,9924,+,Professionnel Concessionnaire,04-11-82-70-03
258,Renault,Zoe,Q90 ZEN CHARGE RAPIDE,FR-PAC,2013,38610,11110,10297,+,Professionnel Négociant,04-11-34-83-85
259,Renault,Zoe,INTENS CHARGE RAPIDE,FR-PAC,2013,43145,10010,,,Professionnel Concessionnaire,04-11-82-80-16
260,Renault,Zoe,Q90 INTENS CHARGE RAPIDE,FR-PAC,2013,85930,10620,9319,+,Professionnel Concessionnaire,04-11-81-04-12
261,Renault,Zoe,ZEN CHARGE RAPIDE TYPE 2,FR-PAC,2014,25680,10050,,,Professionnel Agent,04-11-34-92-23
262,Renault,Zoe,Q90 INTENS CHARGE RAPIDE,FR-PAC,2013,62554,12070,9319,+,Professionnel Concessionnaire,04-85-21-87-34
263,Renault,Zoe,Q90 LIFE CHARGE RAPIDE TYPE 2,FR-PAC,2017,30634,9740,12501,-,Professionnel Concessionnaire,04-11-34-95-03
264,Renault,Zoe,Q90 LIFE CHARGE RAPIDE,FR-PAC,2015,29356,8940,10586,-,Professionnel Concessionnaire,04-85-21-41-25
265,Renault,Zoe,ZEN,FR-PAC,2015,27071,9610,,,Professionnel Concessionnaire,04-11-83-06-48
266,Renault,Zoe,Q90 LIFE CHARGE RAPIDE,FR-PAC,2013,16806,9700,9807,-,Professionnel Concessionnaire,04-11-82-96-99
267,Renault,Zoe,Q90 INTENS CHARGE RAPIDE TYPE 2,FR-PAC,2014,27360,12580,9967,+,Professionnel Agent,04-11-34-77-16
268,Renault,Zoe,Q90 INTENS,FR-PAC,2017,31702,11310,14657,-,Professionnel Concessionnaire,04-11-85-33-29
269,Renault,Zoe,Q90 LIFE CHARGE RAPIDE,FR-PAC,2014,44999,10310,10820,-,Professionnel Concessionnaire,04-84-37-98-09
270,Renault,Zoe,Q90 LIFE,FR-PAC,2016,28033,10840,12697,-,Professionnel Concessionnaire,04-11-85-86-16
271,Renault,Zoe,Q90 INTENS,FR-PAC,2016,62212,9180,12838,-,Professionnel Concessionnaire,07-72-45-70-91
272,Renault,Zoe,Q90 LIFE CHARGE RAPIDE GAMME 2017,FR-PAC,2017,29380,10060,14647,-,Professionnel Concessionnaire,07-72-45-82-68
273,Renault,Zoe,Q90 ZEN CHARGE RAPIDE,FR-PAC,2015,45901,10470,11266,-,Professionnel Concessionnaire,04-82-80-00-09
274,Renault,Zoe,Q90 INTENS CHARGE RAPIDE,FR-PAC,2014,40796,9960,9920,+,Professionnel Concessionnaire,04-11-34-95-52
275,Renault,Zoe,Q90 LIFE CHARGE RAPIDE,FR-PAC,2015,57240,8890,10586,-,Professionnel Concessionnaire,04-84-37-93-94
276,Renault,Zoe,Q90 LIFE CHARGE RAPIDE,FR-PAC,2013,72254,7820,9807,-,Professionnel Concessionnaire,04-84-37-51-15
277,Renault,Zoe,Q90 INTENS CHARGE RAPIDE,FR-PAC,2015,16332,11980,12274,-,Professionnel Concessionnaire,04-85-21-33-03
278,Renault,Zoe,Q90 ZEN CHARGE RAPIDE,FR-PAC,2014,55868,9890,9924,-,Professionnel Concessionnaire,04-83-58-49-03
279,Renault,Zoe,Q90 INTENS,FR-PAC,2014,28037,12660,11084,+,Professionnel Concessionnaire,04-22-85-02-32
280,Renault,Zoe,Q90 LIFE,FR-PAC,2016,13700,9520,12697,-,Professionnel Concessionnaire,07-72-45-61-48
281,Renault,Zoe,Q90 INTENS,FR-PAC,2013,98908,9280,9451,-,Professionnel Concessionnaire,04-85-21-86-02
282,Renault,Zoe,LIFE CHARGE RAPIDE,FR-PAC,2015,40836,9150,,,Professionnel Concessionnaire,04-11-82-52-63
283,Renault,Zoe,Q90 LIFE,FR-PAC,2014,45992,10440,9720,+,Professionnel Concessionnaire,04-11-80-53-03
284,Renault,Zoe,LIFE CHARGE RAPIDE,FR-PAC,2014,19261,10140,,,Professionnel Concessionnaire,04-11-82-80-80
285,Renault,Zoe,Q90 LIFE CHARGE RAPIDE,FR-PAC,2016,16149,10690,11794,-,Professionnel Concessionnaire,04-84-37-56-92
286,Renault,Zoe,LIFE CHARGE RAPIDE,FR-PAC,2013,32457,9630,,,Professionnel Concessionnaire,04-11-82-79-10
287,Renault,Zoe,Q90 LIFE,FR-PAC,2017,33687,11460,12380,-,Professionnel Concessionnaire,04-11-82-36-13
288,Renault,Zoe,Q90 INTENS CHARGE RAPIDE,FR-PAC,2016,30718,10650,14125,-,Professionnel Concessionnaire,04-22-84-61-36
289,Renault,Zoe,Q90 ZEN CHARGE RAPIDE,FR-PAC,2013,29585,9500,10297,-,Professionnel Concessionnaire,04-11-35-34-05
290,Renault,Zoe,Q90 INTENS CHARGE RAPIDE TYPE 2,FR-PAC,2015,29674,12190,11831,+,Professionnel Concessionnaire,04-84-38-06-14
291,Renault,Zoe,Q90 ZEN CHARGE RAPIDE,FR-PAC,2012,54340,9460,9194,+,Particulier,06-60-13-65-10
292,Renault,Zoe,Q90 LIFE,FR-PAC,2016,27826,9610,12697,-,Professionnel Concessionnaire,04-11-82-19-64
293,Renault,Zoe,Q90 INTENS CHARGE RAPIDE,FR-PAC,2015,38430,10460,12274,-,Professionnel Concessionnaire,04-11-82-48-77
294,Renault,Zoe,LIFE,FR-PAC,2017,13750,13110,,,Professionnel Concessionnaire,04-83-58-73-08
295,Renault,Zoe,INTENS,FR-PAC,2014,15500,12380,,,Professionnel Concessionnaire,04-83-58-50-85
296,Renault,Zoe,LIFE R75,FR-PAC,2018,121,25890,,,Professionnel Concessionnaire,04-83-58-71-30
297,Renault,Zoe,ZEN,FR-PAC,2016,32098,10910,,,Professionnel Concessionnaire,04-83-58-33-42
298,Renault,Zoe,Q90 LIFE,FR-PAC,2014,15570,10970,9720,+,Professionnel Concessionnaire,04-22-84-76-35
299,Renault,Zoe,INTENS CHARGE RAPIDE,FR-PAC,2014,22948,11680,,,Professionnel Concessionnaire,04-83-58-97-88
300,Renault,Zoe,INTENS,FR-PAC,2013,51499,11780,,,Professionnel Concessionnaire,04-28-03-01-53
301,Renault,Zoe,Q90 ZEN,FR-PAC,2016,22944,10690,13487,-,Professionnel Concessionnaire,04-11-85-28-69
302,Renault,Zoe,Q90 LIFE,FR-PAC,2014,11122,11280,9720,+,Professionnel Concessionnaire,04-83-58-60-25
303,Renault,Zoe,Q90 INTENS CHARGE RAPIDE,FR-PAC,2013,48232,10180,9319,+,Professionnel Concessionnaire,04-83-58-85-24
304,Renault,Zoe,Q90 LIFE CHARGE RAPIDE,FR-PAC,2016,32537,10960,11794,-,Professionnel Concessionnaire,04-83-58-47-57
305,Renault,Zoe,Q90 LIFE CHARGE RAPIDE,FR-PAC,2015,64086,10270,10586,-,Professionnel Concessionnaire,04-11-86-11-50
306,Renault,Zoe,ZEN,FR-PAC,2013,40185,9410,,,Professionnel Concessionnaire,04-28-02-37-98
307,Renault,Zoe,LIFE,FR-PAC,2016,36358,10170,,,Professionnel Concessionnaire,04-11-83-04-91
308,Renault,Zoe,Q90 INTENS CHARGE RAPIDE,FR-PAC,2015,40153,10590,12274,-,Professionnel Concessionnaire,04-11-85-47-81
309,Renault,Zoe,Q90 INTENS,FR-PAC,2016,24918,10170,12838,-,Professionnel Concessionnaire,04-83-59-13-82
310,Renault,Zoe,Q90 LIFE,FR-PAC,2016,40488,9610,12697,-,Professionnel Concessionnaire,04-83-58-97-42
311,Renault,Zoe,Q90 ZEN,FR-PAC,2016,4494,11740,13487,-,Professionnel Concessionnaire,04-83-58-62-97
312,Renault,Zoe,Q90 INTENS,FR-PAC,2016,17976,12600,12838,-,Professionnel Concessionnaire,04-83-59-15-83
313,Renault,Zoe,Q90 INTENS,FR-PAC,2015,25756,11650,11520,+,Professionnel Concessionnaire,04-83-58-97-66
314,Renault,Zoe,LIFE,FR-PAC,2013,55607,12280,,,Professionnel Concessionnaire,04-28-02-56-89
315,Renault,Zoe,Q90 LIFE,FR-PAC,2016,39832,9590,12697,-,Professionnel Concessionnaire,04-22-84-62-02
316,Renault,Zoe,Q90 ZEN CHARGE RAPIDE,FR-PAC,2016,33379,11530,13543,-,Professionnel Concessionnaire,04-22-84-50-77
317,Renault,Zoe,Q90 LIFE,FR-PAC,2016,25607,10410,12697,-,Professionnel Concessionnaire,04-22-85-13-00
318,Renault,Zoe,Q90 ZEN,FR-PAC,2014,7585,11540,11147,+,Professionnel Concessionnaire,04-11-82-44-60
319,Renault,Zoe,Q90 LIFE CHARGE RAPIDE,FR-PAC,2013,28485,9760,9807,-,Professionnel Concessionnaire,04-11-85-66-61
320,Renault,Zoe,Q90 INTENS CHARGE RAPIDE,FR-PAC,2014,35081,10910,9920,+,Professionnel Concessionnaire,04-83-58-91-69
321,Renault,Zoe,Q90 LIFE,FR-PAC,2014,28560,10320,9720,+,Professionnel Concessionnaire,04-83-58-45-85
322,Renault,Zoe,Q90 LIFE CHARGE RAPIDE,FR-PAC,2014,24476,9990,10820,-,Professionnel Concessionnaire,04-22-85-33-98
323,Renault,Zoe,LIFE CHARGE RAPIDE,FR-PAC,2016,41277,9700,,,Professionnel Concessionnaire,04-83-58-68-06
324,Renault,Zoe,Q90 ZEN CHARGE RAPIDE,FR-PAC,2015,63618,9330,11266,-,Professionnel Concessionnaire,04-11-85-72-20
325,Renault,Zoe,Q90 ZEN CHARGE RAPIDE,FR-PAC,2015,51866,9590,11266,-,Professionnel Concessionnaire,04-83-58-48-56
326,Renault,Zoe,Q90 LIFE,FR-PAC,2014,41301,9910,9720,+,Professionnel Concessionnaire,04-11-82-92-46
327,Renault,Zoe,Q90 INTENS CHARGE RAPIDE,FR-PAC,2013,42750,13660,9319,+,Professionnel Concessionnaire,04-82-80-12-16
328,Renault,Zoe,Q90 INTENS CHARGE RAPIDE,FR-PAC,2014,14605,11680,9920,+,Professionnel Concessionnaire,04-83-59-06-03
329,Renault,Zoe,Q90 INTENS,FR-PAC,2013,28572,11160,9451,+,Professionnel Concessionnaire,04-11-80-83-61
330,Renault,Zoe,Q90 INTENS,FR-PAC,2014,35864,11290,11084,+,Professionnel Concessionnaire,04-83-58-40-16
331,Renault,Zoe,Q90 ZEN,FR-PAC,2015,20766,9760,11408,-,Professionnel Concessionnaire,04-83-58-69-72
332,Renault,Zoe,INTENS,FR-PAC,2013,33951,9220,,,Professionnel Concessionnaire,04-83-58-27-40
333,Renault,Zoe,Q90 LIFE,FR-PAC,2014,35703,9500,9720,-,Professionnel Concessionnaire,04-22-84-69-90
334,Renault,Zoe,Q90 LIFE CHARGE RAPIDE,FR-PAC,2016,16649,11670,11794,-,Professionnel Concessionnaire,04-83-58-52-75
335,Renault,Zoe,Q90 INTENS,FR-PAC,2016,38702,11000,12838,-,Professionnel Concessionnaire,04-83-58-38-19
336,Renault,Zoe,Q90 INTENS,FR-PAC,2016,34521,13510,12838,+,Professionnel Concessionnaire,04-11-34-54-05
337,Renault,Zoe,Q90 LIFE,FR-PAC,2014,35474,10280,9720,+,Professionnel Concessionnaire,04-83-58-99-06
338,Renault,Zoe,Q90 LIFE,FR-PAC,2014,45272,10520,9720,+,Professionnel Concessionnaire,04-11-82-29-77
339,Renault,Zoe,R90 INTENS TYPE 2,FR-PAC,2017,6250,16750,14427,+,Professionnel Concessionnaire,04-83-59-01-53
340,Renault,Zoe,Q90 ZEN CHARGE RAPIDE,FR-PAC,2014,31511,11180,9924,+,Professionnel Concessionnaire,04-11-81-25-42
341,Renault,Zoe,R90 STAR WARS,FR-PAC,2017,112,27060,14270,+,Professionnel Concessionnaire,04-83-58-86-18
342,Renault,Zoe,LIFE CHARGE RAPIDE,FR-PAC,2016,43605,8990,,,Professionnel Concessionnaire,04-83-58-97-09
343,Renault,Zoe,Q90 LIFE,FR-PAC,2016,14604,10050,12697,-,Professionnel Concessionnaire,04-83-58-92-79
344,Renault,Zoe,Q90 LIFE CHARGE RAPIDE,FR-PAC,2013,68166,9260,9807,-,Professionnel Concessionnaire,04-11-85-78-75
345,Renault,Zoe,Q90 LIFE,FR-PAC,2016,62141,9670,12697,-,Professionnel Concessionnaire,04-11-86-05-40
346,Renault,Zoe,Q90 LIFE,FR-PAC,2016,46510,9160,12697,-,Professionnel Concessionnaire,07-72-46-40-81
347,Renault,Zoe,Q90 ZEN CHARGE RAPIDE,FR-PAC,2014,38690,8360,9924,-,Professionnel Concessionnaire,04-11-81-16-19
348,Renault,Zoe,Q90 LIFE,FR-PAC,2016,70194,9940,12697,-,Professionnel Concessionnaire,04-11-86-10-97
349,Renault,Zoe,Q90 LIFE,FR-PAC,2016,68432,9280,12697,-,Professionnel Concessionnaire,04-11-85-71-42
350,Renault,Zoe,Q90 ZEN CHARGE RAPIDE,FR-PAC,2016,50457,10420,13543,-,Professionnel Concessionnaire,04-11-85-66-30
351,Renault,Zoe,Q90 INTENS CHARGE RAPIDE,FR-PAC,2015,9681,11000,12274,-,Professionnel Concessionnaire,04-11-35-52-00
352,Renault,Zoe,R90 ZEN,FR-PAC,2016,42502,15970,13670,+,Professionnel Concessionnaire,04-11-85-68-21
353,Renault,Zoe,R90 INTENS,FR-PAC,2017,5474,21400,14304,+,Professionnel Concessionnaire,04-11-80-89-63
354,Renault,Zoe,Q90 INTENS CHARGE RAPIDE,FR-NAQ,2016,25567,10780,14125,-,Professionnel Concessionnaire,05-19-65-28-80
355,Renault,Zoe,Q90 LIFE CHARGE RAPIDE,FR-NAQ,2014,25373,11170,10820,+,Professionnel Concessionnaire,05-32-32-48-76
356,Renault,Zoe,Q90 LIFE CHARGE RAPIDE,FR-NAQ,2014,15891,9520,10820,-,Professionnel Concessionnaire,05-19-65-84-80
357,Renault,Zoe,Q90 INTENS CHARGE RAPIDE TYPE 2,FR-NAQ,2015,26001,11750,11831,-,Professionnel Agent,05-56-14-24-06
358,Renault,Zoe,Q90 LIFE,FR-NAQ,2016,43891,10200,12697,-,Professionnel Concessionnaire,05-19-65-45-55
359,Renault,Zoe,Q90 LIFE CHARGE RAPIDE,FR-NAQ,2014,10385,10710,10820,-,Professionnel Concessionnaire,05-19-65-56-92
360,Renault,Zoe,R90 ZEN,FR-NAQ,2019,3520,19010,,,Professionnel Agent,05-57-51-94-08
361,Renault,Zoe,Q90 LIFE CHARGE RAPIDE,FR-NAQ,2015,54249,9260,10586,-,Professionnel Concessionnaire,05-19-65-71-50
362,Renault,Zoe,Q90 LIFE,FR-NAQ,2014,39048,9520,9720,-,Professionnel Concessionnaire,05-19-65-69-98
363,Renault,Zoe,Q90 LIFE CHARGE RAPIDE,FR-NAQ,2014,47158,10700,10820,-,Professionnel Concessionnaire,05-19-65-84-59
364,Renault,Zoe,Q90 INTENS CHARGE RAPIDE,FR-NAQ,2016,57544,10290,14125,-,Professionnel Concessionnaire,05-19-65-75-04
365,Renault,Zoe,Q90 LIFE CHARGE RAPIDE,FR-NAQ,2014,28135,11860,10820,+,Professionnel Concessionnaire,05-31-16-82-76
366,Renault,Zoe,Q90 LIFE CHARGE RAPIDE,FR-NAQ,2014,15236,10420,10820,-,Professionnel Concessionnaire,05-33-52-63-46
367,Renault,Zoe,Q90 LIFE CHARGE RAPIDE,FR-NAQ,2016,48058,10870,11794,-,Professionnel Concessionnaire,05-19-65-58-37
368,Renault,Zoe,Q90 LIFE CHARGE RAPIDE,FR-NAQ,2014,25578,11570,10820,+,Professionnel Concessionnaire,05-19-65-52-30
369,Renault,Zoe,Q90 LIFE CHARGE RAPIDE,FR-NAQ,2015,57033,9450,10586,-,Professionnel Concessionnaire,05-31-16-72-32
370,Renault,Zoe,Q90 ZEN,FR-NAQ,2014,33358,11280,11147,+,Professionnel Concessionnaire,05-19-65-40-03
371,Renault,Zoe,Q90 LIFE CHARGE RAPIDE TYPE 2,FR-NAQ,2015,23110,10640,11040,-,Professionnel Concessionnaire,05-31-16-81-36
372,Renault,Zoe,Q90 LIFE CHARGE RAPIDE,FR-NAQ,2013,25514,10850,9807,+,Professionnel Concessionnaire,05-59-99-54-15
373,Renault,Zoe,Q90 LIFE,FR-NAQ,2014,18038,11310,9720,+,Professionnel Concessionnaire,05-19-65-88-59
374,Renault,Zoe,R90 ZEN,FR-NAQ,2016,8280,20280,13670,+,Professionnel Agent,05-57-52-44-51
375,Renault,Zoe,Q90 ZEN CHARGE RAPIDE,FR-NAQ,2016,43483,10200,13543,-,Professionnel Concessionnaire,05-19-65-45-65
376,Renault,Zoe,LIFE TYPE 2,FR-NAQ,2017,24853,12050,,,Professionnel Concessionnaire,05-32-14-41-77
377,Renault,Zoe,Q90 LIFE,FR-NAQ,2016,15453,10920,12697,-,Professionnel Concessionnaire,05-19-65-64-38
378,Renault,Zoe,Q90 LIFE CHARGE RAPIDE,FR-NAQ,2015,37784,10330,10586,-,Professionnel Concessionnaire,05-31-17-11-32
379,Renault,Zoe,Q90 LIFE,FR-NAQ,2015,19277,9520,10539,-,Professionnel Concessionnaire,05-32-08-45-45
380,Renault,Zoe,Q90 LIFE,FR-NAQ,2015,15273,10440,10539,-,Professionnel Concessionnaire,05-19-65-84-32
381,Renault,Zoe,Q90 LIFE,FR-NAQ,2014,27890,11470,9720,+,Professionnel Concessionnaire,05-19-65-63-03
382,Renault,Zoe,LIFE CHARGE RAPIDE,FR-NAQ,2017,9987,11750,,,Professionnel Concessionnaire,05-79-98-31-58
383,Renault,Zoe,Q90 LIFE,FR-NAQ,2016,23332,10340,12697,-,Professionnel Concessionnaire,05-19-65-66-41
384,Renault,Zoe,Q90 LIFE,FR-NAQ,2014,36967,9970,9720,+,Professionnel Concessionnaire,05-19-65-93-00
385,Renault,Zoe,Q90 LIFE CHARGE RAPIDE,FR-NAQ,2016,28411,11620,11794,-,Professionnel Concessionnaire,05-31-16-84-82
386,Renault,Zoe,Q90 LIFE CHARGE RAPIDE,FR-NAQ,2012,28847,9360,7647,+,Professionnel Concessionnaire,05-31-17-10-21
387,Renault,Zoe,Q90 ZEN CHARGE RAPIDE,FR-NAQ,2012,52700,9900,9194,+,Particulier,05-79-87-59-99
388,Renault,Zoe,INTENS CHARGE RAPIDE,FR-NAQ,2016,23069,11860,,,Professionnel Concessionnaire,05-49-52-07-75
389,Renault,Zoe,R75 LIFE,FR-NAQ,2019,120,18000,,,Professionnel Concessionnaire,05-19-65-50-91
390,Renault,Zoe,Q90 LIFE,FR-NAQ,2014,38214,10310,9720,+,Professionnel Concessionnaire,05-19-65-87-17
391,Renault,Zoe,Q90 LIFE CHARGE RAPIDE,FR-NAQ,2016,15802,10580,11794,-,Professionnel Concessionnaire,05-19-65-69-54
392,Renault,Zoe,LIFE CHARGE RAPIDE,FR-NAQ,2015,44363,9990,,,Professionnel Concessionnaire,05-45-70-23-07
393,Renault,Zoe,Q90 LIFE CHARGE RAPIDE,FR-NAQ,2016,32167,9390,11794,-,Professionnel Concessionnaire,05-19-65-32-71
394,Renault,Zoe,LIFE,FR-NAQ,2017,11395,12190,,,Professionnel Agent,05-49-38-61-39
395,Renault,Zoe,Q90 LIFE CHARGE RAPIDE,FR-NAQ,2016,40880,10330,11794,-,Professionnel Concessionnaire,05-19-65-93-14
396,Renault,Zoe,Q90 LIFE,FR-NAQ,2016,37924,9520,12697,-,Professionnel Concessionnaire,05-19-66-01-42
397,Renault,Zoe,INTENS,FR-NAQ,2014,9770,13180,,,Professionnel Concessionnaire,05-40-02-65-42
398,Renault,Zoe,Q90 ZEN,FR-NAQ,2014,44732,12220,11147,+,Professionnel Concessionnaire,05-19-65-70-90
399,Renault,Zoe,LIFE,FR-NAQ,2015,12743,11810,,,Professionnel MRA,05-57-25-88-16
400,Renault,Zoe,Q90 LIFE,FR-NAQ,2014,29992,11180,9720,+,Professionnel Concessionnaire,05-19-65-53-14
401,Renault,Zoe,Q90 LIFE CHARGE RAPIDE,FR-NAQ,2014,25474,11250,10820,+,Professionnel Concessionnaire,05-19-65-44-20
402,Renault,Zoe,Q90 LIFE CHARGE RAPIDE,FR-NAQ,2014,28685,10900,10820,+,Professionnel Concessionnaire,05-58-71-80-34
403,Renault,Zoe,Q90 LIFE CHARGE RAPIDE,FR-NAQ,2014,31534,9420,10820,-,Professionnel Concessionnaire,05-19-65-58-05
404,Renault,Zoe,INTENS CHARGE RAPIDE,FR-NAQ,2016,44204,12090,,,Professionnel Négociant,05-32-14-35-78
405,Renault,Zoe,Q90 ZEN CHARGE RAPIDE,FR-NAQ,2014,31442,10750,9924,+,Professionnel Concessionnaire,05-58-91-53-63
406,Renault,Zoe,Q90 LIFE CHARGE RAPIDE,FR-NAQ,2014,8880,10780,10820,-,Professionnel MRA,05-57-26-16-79
407,Renault,Zoe,Q90 ZEN CHARGE RAPIDE,FR-NAQ,2015,18951,9790,11266,-,Professionnel Concessionnaire,05-32-14-79-46
408,Renault,Zoe,LIFE,FR-NAQ,2015,20171,11620,,,Professionnel Concessionnaire,05-45-69-81-12
409,Renault,Zoe,Q90 LIFE,FR-NAQ,2014,46803,12000,9720,+,Professionnel Concessionnaire,05-59-99-53-20
410,Renault,Zoe,Q90 LIFE,FR-NAQ,2016,17693,11170,12697,-,Professionnel Concessionnaire,05-19-65-50-95
411,Renault,Zoe,LIFE,FR-NAQ,2015,38539,11600,,,Professionnel Concessionnaire,05-49-52-06-22
412,Renault,Zoe,Q90 LIFE CHARGE RAPIDE,FR-NAQ,2013,50500,11580,9807,+,Professionnel Concessionnaire,05-40-02-60-10
413,Renault,Zoe,Q90 LIFE CHARGE RAPIDE,FR-NAQ,2014,45589,12690,10820,+,Professionnel Concessionnaire,05-46-27-55-50
414,Renault,Zoe,Q90 LIFE CHARGE RAPIDE TYPE 2,FR-NAQ,2016,11466,12850,12943,-,Professionnel Agent,05-49-38-29-23
415,Renault,Zoe,Q90 LIFE,FR-NAQ,2016,25831,9700,12697,-,Professionnel Concessionnaire,05-19-65-96-60
416,Renault,Zoe,ZEN,FR-NAQ,2016,44379,10240,,,Professionnel Concessionnaire,05-19-65-98-85
417,Renault,Zoe,INTENS CHARGE RAPIDE,FR-NAQ,2017,25453,11950,,,Professionnel Concessionnaire,05-19-65-56-14
418,Renault,Zoe,ZEN,FR-NAQ,2016,18327,13510,,,Professionnel Agent,05-55-32-02-45
419,Renault,Zoe,INTENS,FR-NAQ,2014,27727,12420,,,Professionnel Concessionnaire,05-59-99-83-29
420,Renault,Zoe,Q90 LIFE,FR-NAQ,2017,16593,10960,12380,-,Professionnel Agent,05-58-36-23-49
421,Renault,Zoe,Q90 LIFE CHARGE RAPIDE,FR-NAQ,2016,16681,9970,11794,-,Professionnel Concessionnaire,05-19-65-52-94
422,Renault,Zoe,Q90 LIFE,FR-NAQ,2016,33517,10810,12697,-,Professionnel Concessionnaire,05-19-65-24-46
423,Renault,Zoe,Q90 LIFE,FR-NAQ,2016,23039,10720,12697,-,Professionnel Concessionnaire,05-58-91-47-70
424,Renault,Zoe,Q90 LIFE,FR-NAQ,2014,31278,10060,9720,+,Professionnel Concessionnaire,05-19-65-21-40
425,Renault,Zoe,Q90 ZEN,FR-NAQ,2016,40024,11280,13487,-,Professionnel Concessionnaire,05-19-65-44-83
426,Renault,Zoe,Q90 LIFE CHARGE RAPIDE,FR-NAQ,2014,35439,10740,10820,-,Professionnel Concessionnaire,05-19-66-02-51
427,Renault,Zoe,Q90 LIFE CHARGE RAPIDE,FR-NAQ,2016,44071,10680,11794,-,Professionnel Concessionnaire,05-19-65-45-00
428,Renault,Zoe,Q90 INTENS CHARGE RAPIDE,FR-NAQ,2014,12721,13070,9920,+,Professionnel Concessionnaire,05-40-01-97-82
429,Renault,Zoe,LIFE CHARGE RAPIDE,FR-NAQ,2014,16170,11640,,,Professionnel Concessionnaire,05-19-65-39-75
430,Renault,Zoe,Q90 LIFE,FR-NAQ,2016,38153,10510,12697,-,Professionnel Concessionnaire,05-19-65-78-68
431,Renault,Zoe,Q90 LIFE CHARGE RAPIDE,FR-NAQ,2016,19446,13060,11794,+,Professionnel Concessionnaire,05-19-65-40-89
432,Renault,Zoe,Q90 LIFE,FR-NAQ,2016,30787,9960,12697,-,Professionnel Concessionnaire,05-19-66-03-99
433,Renault,Zoe,INTENS,FR-NAQ,2013,30959,11730,,,Professionnel Concessionnaire,05-59-62-70-76
434,Renault,Zoe,Q90 ZEN CHARGE RAPIDE,FR-NAQ,2015,21733,11230,11266,-,Professionnel Concessionnaire,05-45-95-28-75
435,Renault,Zoe,Q90 LIFE,FR-NAQ,2016,44993,11220,12697,-,Professionnel Concessionnaire,05-19-65-78-70
436,Renault,Zoe,LIFE CHARGE RAPIDE,FR-NAQ,2014,17848,13730,,,Professionnel Concessionnaire,05-19-65-75-28
437,Renault,Zoe,LIFE,FR-NAQ,2017,15688,11520,,,Professionnel Concessionnaire,05-45-70-31-91
438,Renault,Zoe,Q90 ZEN,FR-NAQ,2014,46466,11500,11147,+,Professionnel Concessionnaire,05-19-65-57-85
439,Renault,Zoe,Q90 LIFE,FR-NAQ,2015,4206,11380,10539,+,Professionnel Concessionnaire,05-58-47-00-40
440,Renault,Zoe,Q90 LIFE CHARGE RAPIDE,FR-NAQ,2014,30903,11090,8796,+,Professionnel Concessionnaire,05-19-65-37-96
441,Renault,Zoe,Q90 LIFE CHARGE RAPIDE,FR-NAQ,2014,17188,11420,10820,+,Professionnel Concessionnaire,05-19-65-30-72
442,Renault,Zoe,Q90 LIFE CHARGE RAPIDE,FR-NAQ,2013,12138,11240,9807,+,Professionnel MRA,05-57-25-92-67
443,Renault,Zoe,Q90 INTENS CHARGE RAPIDE,FR-NAQ,2014,26706,10980,9920,+,Professionnel Concessionnaire,05-19-65-65-84
444,Renault,Zoe,R75 LIFE GAMME 2017,FR-NAQ,2019,3050,25490,,,Professionnel Concessionnaire,05-19-65-77-89
445,Renault,Zoe,R75 LIFE,FR-NAQ,2017,94,24660,14394,+,Professionnel Concessionnaire,06-50-15-07-75
446,Renault,Zoe,INTENS R90,FR-NAQ,2017,123,29320,,,Professionnel Concessionnaire,05-19-66-04-17
447,Renault,Zoe,ZEN R90,FR-NAQ,2019,124,28620,,,Professionnel Concessionnaire,05-19-65-42-68
448,Renault,Zoe,INTENS,FR-NAQ,2014,28864,10840,,,Professionnel Concessionnaire,05-45-70-45-99
449,Renault,Zoe,ZEN R90,FR-NAQ,2017,105,22500,,,Professionnel Concessionnaire,05-19-65-94-76
450,Renault,Zoe,ZEN R90,FR-NAQ,2019,106,23640,,,Professionnel Concessionnaire,05-19-65-46-17
451,Renault,Zoe,LIFE,FR-NAQ,2015,13655,10480,,,Professionnel Concessionnaire,05-32-15-07-53
452,Renault,Zoe,LIFE R75,FR-NAQ,2017,125,26360,,,Professionnel Concessionnaire,05-19-65-57-25
453,Renault,Zoe,INT MA 7,FR-NAQ,2015,54613,12160,,,Professionnel Concessionnaire,05-32-14-92-45
454,Renault,Zoe,ZEN CHARGE RAPIDE,FR-NAQ,2015,14331,11480,,,Professionnel Concessionnaire,05-49-52-56-20
455,Renault,Zoe,Q90 LIFE,FR-NAQ,2013,38925,10330,9042,+,Professionnel Agent,05-49-91-84-75
